{
  "arc_challenge": {
    "github": 0.6659853929857319,
    "stackexchange": 0.28952439560713156,
    "arxiv": 0.02442658628882758,
    "cc": 0.007523904174548132,
    "book": 0.008248345129130715,
    "c4": 0.0042913758146301125
  },
  "gsm8k": {
    "arxiv": 0.13957240818569017,
    "stackexchange": 0.3809663943141851,
    "github": 0.4105448311576736,
    "book": 0.031052465052556818,
    "c4": 0.027465875752926153,
    "cc": 0.01014266931294899,
    "wikipedia": 0.0002553562240189629
  },
  "arc_easy": {
    "github": 0.6929381287819746,
    "stackexchange": 0.2748951978556547,
    "cc": 0.006125582697660691,
    "book": 0.006972013560850088,
    "c4": 0.0028160249820831373,
    "arxiv": 0.016253052121776683
  },
  "hellaswag": {
    "github": 0.6120620305694214,
    "stackexchange": 0.3260438016391622,
    "book": 0.012959471755720311,
    "arxiv": 0.00642657850848406,
    "c4": 0.035287127128920015,
    "cc": 0.007188600792537416,
    "wikipedia": 3.238960575453045e-05
  },
  "piqa": {
    "github": 0.6732451091535685,
    "stackexchange": 0.30371716913485475,
    "cc": 0.0010185213200653855,
    "book": 0.00866745817659394,
    "arxiv": 0.005044185492037834,
    "c4": 0.008307556722879698
  },
  "sciq": {
    "github": 0.4627260107125681,
    "stackexchange": 0.34754821047805345,
    "book": 0.07068782963439368,
    "c4": 0.048508306353550835,
    "arxiv": 0.02558047300902274,
    "wikipedia": 0.0074889366011106255,
    "cc": 0.03746023321130059
  },
  "kodcode": {
    "stackexchange": 0.31811520632935963,
    "arxiv": 0.1874342344581718,
    "book": 0.11918475170430624,
    "github": 0.28934418666726724,
    "c4": 0.028018719319314603,
    "cc": 0.033083086020925065,
    "wikipedia": 0.0248198155006551
  },
  "logiqa": {
    "github": 0.28213142999823126,
    "stackexchange": 0.2580788635931324,
    "c4": 0.19083821303058426,
    "cc": 0.13759595485096857,
    "book": 0.11681274742789109,
    "arxiv": 0.011429672361741604,
    "wikipedia": 0.0031131187374509326
  }
}
