{
  "arc_challenge": {
    "github": 0.6092354767905434,
    "stackexchange": 0.34749758527596786,
    "book": 0.014994811054866278,
    "arxiv": 0.0185171558653122,
    "cc": 0.003755336269649892,
    "c4": 0.005497452221110929,
    "wikipedia": 0.0005021825225496487
  },
  "gsm8k": {
    "stackexchange": 0.40270067581512237,
    "arxiv": 0.127583568422256,
    "github": 0.39031183742195685,
    "book": 0.04241938104831657,
    "c4": 0.02931415916575348,
    "cc": 0.005903326928784818,
    "wikipedia": 0.0017670511978098778
  },
  "arc_easy": {
    "github": 0.630985810636676,
    "stackexchange": 0.336721893554874,
    "book": 0.012904310377713217,
    "cc": 0.002866068205294316,
    "c4": 0.004505638897217877,
    "arxiv": 0.011849030864151507,
    "wikipedia": 0.00016724746407316207
  },
  "hellaswag": {
    "github": 0.5695831474212997,
    "stackexchange": 0.342389767533521,
    "c4": 0.0463994559441096,
    "book": 0.03173436509501321,
    "arxiv": 0.004342119989380103,
    "cc": 0.005380106124257765,
    "wikipedia": 0.00017103789241867354
  },
  "piqa": {
    "github": 0.6365240425682441,
    "stackexchange": 0.32862581044356776,
    "book": 0.02005292938632347,
    "c4": 0.010545286399194427,
    "arxiv": 0.004078015211417899,
    "cc": 0.00013991251887124074,
    "wikipedia": 3.40034723810515e-05
  },
  "sciq": {
    "github": 0.4313649986661538,
    "stackexchange": 0.3529126432341813,
    "c4": 0.054686986408328135,
    "book": 0.08627378863599053,
    "cc": 0.03815140026366364,
    "arxiv": 0.020500650194466653,
    "wikipedia": 0.016109532597216102
  },
  "kodcode": {
    "stackexchange": 0.41648105162237387,
    "arxiv": 0.14591357543548636,
    "book": 0.0912129143519237,
    "github": 0.31121661904161757,
    "wikipedia": 0.030028354766852436,
    "c4": 0.0021593807127345795,
    "cc": 0.002988104069011347
  },
  "logiqa": {
    "github": 0.28196824660253217,
    "stackexchange": 0.2551285638672036,
    "cc": 0.147504922615351,
    "book": 0.1024722474500709,
    "c4": 0.19768834682170655,
    "arxiv": 0.006825828166227367,
    "wikipedia": 0.008411844476908422
  },
  "medqa": {
    "c4": 0.21310511183749284,
    "stackexchange": 0.2546615798557503,
    "book": 0.1591111204853339,
    "cc": 0.1407693145184663,
    "github": 0.1731583969222052,
    "wikipedia": 0.05617700494671087,
    "arxiv": 0.003017471434040409
  },
  "mathqa": {
    "github": 0.5908105530684127,
    "stackexchange": 0.3327780943097704,
    "arxiv": 0.07235258946760977,
    "cc": 0.0008548005137612757,
    "c4": 0.002136920231901114,
    "book": 0.0010422023464096838,
    "wikipedia": 2.484006213515916e-05
  }
}