{
  "arc_challenge": {
    "github": 0.6092354888503706,
    "stackexchange": 0.3474975915674858,
    "book": 0.01499481133190012,
    "arxiv": 0.018517156172028447,
    "c4": 0.005497452329268322,
    "cc": 0.0037553363259539194,
    "wikipedia": 0.000502163422992722
  },
  "gsm8k": {
    "github": 0.39028632585463957,
    "stackexchange": 0.40270065791099613,
    "arxiv": 0.12758356289199807,
    "book": 0.04241937928766445,
    "c4": 0.029314157862516347,
    "cc": 0.005903326668658529,
    "wikipedia": 0.0017925895235271568
  },
  "arc_easy": {
    "github": 0.6309858123992079,
    "stackexchange": 0.3367218939392712,
    "c4": 0.004505638904261312,
    "book": 0.012904310367616434,
    "arxiv": 0.011849030830627669,
    "cc": 0.002866068206564735,
    "wikipedia": 0.00016724535245061178
  },
  "hellaswag": {
    "github": 0.5851285762373382,
    "stackexchange": 0.34273666819605,
    "arxiv": 0.004500096342999022,
    "c4": 0.037371159716561984,
    "book": 0.0257498167129342,
    "cc": 0.00436391137259584,
    "wikipedia": 0.0001497714215209705
  },
  "piqa": {
    "github": 0.6365210113569797,
    "stackexchange": 0.3286098414892359,
    "book": 0.02006235633873828,
    "arxiv": 0.004077511106422634,
    "c4": 0.010555771019871577,
    "cc": 0.0001396408017999947,
    "wikipedia": 3.386788695181452e-05
  },
  "sciq": {
    "book": 0.08619272399652403,
    "c4": 0.054743689226526206,
    "stackexchange": 0.35275376366295785,
    "github": 0.4316734633271961,
    "arxiv": 0.020458523954726308,
    "cc": 0.0381321278658292,
    "wikipedia": 0.016045707966240424
  },
  "logiqa": {
    "github": 0.2819682109502397,
    "stackexchange": 0.25512853128747154,
    "book": 0.10244581433688266,
    "c4": 0.19768832155350424,
    "cc": 0.14750490369987485,
    "arxiv": 0.006825827286508032,
    "wikipedia": 0.008438390885519113
  },
  "kodcode": {
    "stackexchange": 0.38484697160074416,
    "github": 0.3980324205546599,
    "book": 0.07552109688142752,
    "wikipedia": 0.027962088672865766,
    "arxiv": 0.10815168777187659,
    "c4": 0.002035423273147615,
    "cc": 0.0034503112452786023
  },
  "medqa": {
    "c4": 0.21281055215229644,
    "book": 0.1588614982601322,
    "cc": 0.14055505453767925,
    "stackexchange": 0.25461075859629945,
    "github": 0.17412307821682108,
    "wikipedia": 0.056027356283534745,
    "arxiv": 0.0030117019532367208
  },
  "mathqa": {
    "github": 0.5907118354997146,
    "stackexchange": 0.332835816994862,
    "arxiv": 0.07242203464686942,
    "book": 0.0010160546278033466,
    "c4": 0.0021183992413604993,
    "cc": 0.0008705601209438963,
    "wikipedia": 2.529886844609972e-05
  }
}