{
  "pl": {
    "ru": 0.07818975438000615,
    "es": 0.08452824191048655,
    "it": 0.19604694411053716,
    "de": 0.17587576191558424,
    "fr": 0.16792883812663265,
    "en": 0.29743045955675323
  },
  "uk": {
    "ru": 0.3595329760988079,
    "es": 0.09035824891154676,
    "it": 0.13035170331220067,
    "de": 0.08711777301810868,
    "fr": 0.1295866416020136,
    "en": 0.20305265705732248
  },
  "nl": {
    "de": 0.19956266226655164,
    "es": 0.06771735862300299,
    "ru": 0.054161513816109834,
    "it": 0.16805504614269426,
    "fr": 0.19053647063030216,
    "en": 0.3199669485213392
  },
  "pt": {
    "es": 0.17666759183101177,
    "it": 0.22595398087087695,
    "ru": 0.03559247632806035,
    "de": 0.09792635218809226,
    "fr": 0.1716069101308085,
    "en": 0.2922526886511501
  },
  "ca": {
    "es": 0.14074760526343916,
    "it": 0.183056853837642,
    "de": 0.11746437533787932,
    "ru": 0.04187364587183243,
    "fr": 0.20861177047227128,
    "en": 0.30824574921693576
  },
  "tr": {
    "ru": 0.08522922077219047,
    "it": 0.18736426138151446,
    "de": 0.17249667236700203,
    "es": 0.09308547553192278,
    "fr": 0.1860524506975897,
    "en": 0.2757719192497805
  },
  "da": {
    "de": 0.20714728812379574,
    "es": 0.06092125457495621,
    "ru": 0.056811078276848434,
    "it": 0.1701944250239503,
    "fr": 0.17967864519644733,
    "en": 0.32524730880400193
  },
  "ro": {
    "es": 0.11442330404917125,
    "it": 0.2307084504240938,
    "ru": 0.044509871805397866,
    "de": 0.12026250498717378,
    "en": 0.30656485557150304,
    "fr": 0.1835310131626603
  }
}
