{
  "arc_challenge": {
    "cluster_11": 0.2724868055899177,
    "cluster_4": 0.11068459698430241,
    "cluster_16": 0.09730462111821124,
    "cluster_6": 0.18337837187387665,
    "cluster_12": 0.0489735353330634,
    "cluster_9": 0.12378070604578212,
    "cluster_15": 0.01699713973016482,
    "cluster_19": 0.023199745013647362,
    "cluster_7": 0.047237777041744256,
    "cluster_18": 0.002441493905622703,
    "cluster_10": 0.011659385317087939,
    "cluster_1": 0.020896851361727545,
    "cluster_17": 0.015824575741012724,
    "cluster_14": 0.0019146178224291278,
    "cluster_8": 0.017917469316215014,
    "cluster_20": 0.0017821721434003047,
    "cluster_2": 0.0022847143369148044,
    "cluster_3": 0.00017494332846398967,
    "cluster_13": 0.0007097278106619599,
    "cluster_5": 0.00035075018575424753
  },
  "gsm8k": {
    "cluster_11": 0.26282078006226867,
    "cluster_19": 0.08533732469103976,
    "cluster_4": 0.10199382503232425,
    "cluster_1": 0.33506654903328315,
    "cluster_9": 0.027430595689571728,
    "cluster_5": 0.05385045324169578,
    "cluster_7": 0.014385720137579813,
    "cluster_6": 0.01828569962255033,
    "cluster_12": 0.047235436540118914,
    "cluster_15": 0.0034881357829359846,
    "cluster_16": 0.01351160804660913,
    "cluster_13": 0.004127600842469604,
    "cluster_8": 0.014851617264641992,
    "cluster_10": 0.0034622615382074295,
    "cluster_18": 0.002444200446725575,
    "cluster_14": 0.003907821916688934,
    "cluster_2": 0.005431269961746093,
    "cluster_17": 0.0011072462970899144,
    "cluster_20": 0.0009723111925809069,
    "cluster_3": 0.00028954265987219996
  },
  "arc_easy": {
    "cluster_17": 0.015263954471886797,
    "cluster_6": 0.20077408722834264,
    "cluster_11": 0.2736473518780657,
    "cluster_10": 0.010330358825958664,
    "cluster_4": 0.10798168597304166,
    "cluster_7": 0.03838191625220619,
    "cluster_16": 0.0911001897799721,
    "cluster_12": 0.04505546565046414,
    "cluster_9": 0.13164140669547078,
    "cluster_19": 0.02609482592731586,
    "cluster_1": 0.0150572717321322,
    "cluster_15": 0.019480505986365707,
    "cluster_8": 0.015223663694987817,
    "cluster_14": 0.002775084814851605,
    "cluster_20": 0.0008017843577691752,
    "cluster_18": 0.002353646925034118,
    "cluster_2": 0.002359916316037434,
    "cluster_3": 0.0010670652925200582,
    "cluster_5": 0.00026402098705748334,
    "cluster_13": 0.0003457972105198463
  },
  "hellaswag": {
    "cluster_11": 0.24092157310444032,
    "cluster_19": 0.129074328054976,
    "cluster_2": 0.0382202460665759,
    "cluster_15": 0.04164468719902392,
    "cluster_12": 0.12408235459829406,
    "cluster_4": 0.08207952778492773,
    "cluster_6": 0.05655989447603411,
    "cluster_1": 0.07116097892730006,
    "cluster_10": 0.03097428892940821,
    "cluster_9": 0.049476750098138816,
    "cluster_8": 0.05063579700880248,
    "cluster_7": 0.019412595532836245,
    "cluster_14": 0.01067075102581332,
    "cluster_16": 0.010809632227185452,
    "cluster_13": 0.0035173772830201003,
    "cluster_17": 0.014570935160074582,
    "cluster_18": 0.009036593111996187,
    "cluster_3": 0.0008853673267009413,
    "cluster_5": 0.014642116878774546,
    "cluster_20": 0.0016242052056769866
  },
  "piqa": {
    "cluster_11": 0.30740401891278313,
    "cluster_4": 0.09813496328185173,
    "cluster_9": 0.10209924807597028,
    "cluster_6": 0.05747583335214753,
    "cluster_12": 0.20055363544543084,
    "cluster_19": 0.08657848212706903,
    "cluster_8": 0.03916788009352848,
    "cluster_16": 0.018136349380812978,
    "cluster_1": 0.02889640354463881,
    "cluster_10": 0.014337471317505571,
    "cluster_17": 0.006310052854476666,
    "cluster_7": 0.026395371768484933,
    "cluster_18": 0.0032374853390513374,
    "cluster_2": 0.001342403470321625,
    "cluster_14": 0.0027134939653217153,
    "cluster_15": 0.005568781581402486,
    "cluster_5": 0.0009907920764990659,
    "cluster_13": 0.00044802995110772894,
    "cluster_3": 0.00012226855727009276,
    "cluster_20": 8.703490432636726e-05
  },
  "sciq": {
    "cluster_6": 0.31933207076741804,
    "cluster_4": 0.11017643473234036,
    "cluster_7": 0.04119403250515974,
    "cluster_16": 0.0652151356155086,
    "cluster_11": 0.222457236509931,
    "cluster_9": 0.10638853967275928,
    "cluster_12": 0.027517916527487613,
    "cluster_19": 0.015876147920348044,
    "cluster_15": 0.00977906750403079,
    "cluster_20": 0.0049445276852916175,
    "cluster_18": 0.002091659390589203,
    "cluster_17": 0.030221307932358887,
    "cluster_10": 0.03157971225387289,
    "cluster_1": 0.0035389435337089647,
    "cluster_13": 0.0002682797969801817,
    "cluster_8": 0.005326645092711213,
    "cluster_5": 0.0005385758309653663,
    "cluster_3": 0.0010403729800118214,
    "cluster_2": 0.0011381671078122687,
    "cluster_14": 0.0013752266407136941
  },
  "kodcode": {
    "cluster_11": 0.4480403192702647,
    "cluster_12": 0.06823336371517683,
    "cluster_9": 0.1373954831695019,
    "cluster_19": 0.11953476281955465,
    "cluster_8": 0.0734190312593098,
    "cluster_6": 0.015624365036056189,
    "cluster_10": 0.002434297394128847,
    "cluster_16": 0.010153275683305872,
    "cluster_1": 0.03761600348463269,
    "cluster_4": 0.015696233751539262,
    "cluster_2": 0.007570604599652575,
    "cluster_15": 0.033037368441432194,
    "cluster_5": 0.011132804489346683,
    "cluster_18": 0.0025635124064900534,
    "cluster_7": 0.01127514488929365,
    "cluster_13": 0.002849999539785985,
    "cluster_17": 0.0003720400163072226,
    "cluster_3": 0.0016240975227020298,
    "cluster_20": 0.0006765527812797817,
    "cluster_14": 0.0007507397302390234
  },
  "logiqa": {
    "cluster_11": 0.17140338223304694,
    "cluster_19": 0.15678847696638934,
    "cluster_8": 0.0591868681002671,
    "cluster_12": 0.018208752287547647,
    "cluster_6": 0.07556637893822024,
    "cluster_4": 0.0511750906352043,
    "cluster_10": 0.040655900545452386,
    "cluster_17": 0.022745075990877106,
    "cluster_9": 0.04686736751034287,
    "cluster_18": 0.029945165566217135,
    "cluster_1": 0.02775232079789574,
    "cluster_5": 0.07974338140449755,
    "cluster_15": 0.03766418886145001,
    "cluster_2": 0.07448606688846372,
    "cluster_7": 0.0158095275945675,
    "cluster_16": 0.045809632120348054,
    "cluster_20": 0.021970273962845982,
    "cluster_3": 0.013018347566694736,
    "cluster_13": 0.001987675339451803,
    "cluster_14": 0.009216126690219895
  },
  "medqa": {
    "cluster_17": 0.3798888160045522,
    "cluster_10": 0.2894991891289135,
    "cluster_6": 0.2155512366365219,
    "cluster_11": 0.029853261577284823,
    "cluster_19": 0.037347810350644585,
    "cluster_15": 0.010649112820594425,
    "cluster_2": 0.008903303900386525,
    "cluster_9": 0.011608867330476499,
    "cluster_4": 0.010187546422397017,
    "cluster_5": 0.000477722558005935,
    "cluster_13": 0.0002115397699008509,
    "cluster_8": 0.00037200476991108394,
    "cluster_1": 0.0030872658971080272,
    "cluster_20": 0.0007281032591935506,
    "cluster_12": 0.000728412576173807,
    "cluster_16": 0.0004548088376421286,
    "cluster_14": 0.0003184486687437777,
    "cluster_7": 7.5232964876945e-05,
    "cluster_18": 5.731652667251833e-05
  },
  "mathqa": {
    "cluster_11": 0.3720290132821441,
    "cluster_5": 0.049166955917225856,
    "cluster_1": 0.10641463681283128,
    "cluster_4": 0.04044158613951359,
    "cluster_9": 0.13819090159376965,
    "cluster_19": 0.0665292786931358,
    "cluster_12": 0.12241174133311981,
    "cluster_16": 0.031227391358457497,
    "cluster_18": 0.015788551722403933,
    "cluster_8": 0.027286009611243847,
    "cluster_6": 0.018548937570470277,
    "cluster_10": 0.004321386814381765,
    "cluster_7": 0.002886323635883713,
    "cluster_20": 0.0005312181708652632,
    "cluster_3": 9.485418280461407e-05,
    "cluster_17": 0.0012828505408545123,
    "cluster_2": 0.000852964012744725,
    "cluster_13": 0.0012854164440411922,
    "cluster_15": 0.0004305379078359035,