{
  "arc_challenge": {
    "cluster_1": 0.014468774921730437,
    "cluster_11": 0.2546350715061198,
    "cluster_4": 0.12997225625501727,
    "cluster_6": 0.1783561864385582,
    "cluster_9": 0.12435367803388275,
    "cluster_16": 0.1065179838079289,
    "cluster_7": 0.04526757867584141,
    "cluster_14": 0.0017406125684597431,
    "cluster_17": 0.013685227487237222,
    "cluster_8": 0.029022617232608912,
    "cluster_12": 0.04460237206844849,
    "cluster_19": 0.017142040895057543,
    "cluster_5": 0.00035096484009944216,
    "cluster_18": 0.00400156858288938,
    "cluster_10": 0.01219530891049216,
    "cluster_15": 0.018914577677239964,
    "cluster_2": 0.0022836825757787367,
    "cluster_20": 0.0017808202771331233,
    "cluster_13": 0.0007086772454768064
  },
  "gsm8k": {
    "cluster_1": 0.31823776298163653,
    "cluster_11": 0.24811777420636635,
    "cluster_4": 0.11685903553425564,
    "cluster_19": 0.07526328782733714,
    "cluster_18": 0.0031067237746123175,
    "cluster_12": 0.046745419346383335,
    "cluster_6": 0.02012037909999435,
    "cluster_9": 0.02968597301359504,
    "cluster_8": 0.031500850409869253,
    "cluster_16": 0.01775646808314455,
    "cluster_5": 0.05320525957268832,
    "cluster_17": 0.0011081276230447176,
    "cluster_7": 0.015016929312950992,
    "cluster_10": 0.003996694805076549,
    "cluster_13": 0.004076468383291602,
    "cluster_15": 0.0036756059455189515,
    "cluster_14": 0.004021372536873651,
    "cluster_2": 0.0059560828926300225,
    "cluster_20": 0.000816240316852748,
    "cluster_3": 0.0007335443338778463
  },
  "arc_easy": {
    "cluster_11": 0.2559544774325632,
    "cluster_9": 0.1319247706856598,
    "cluster_6": 0.1921201587826101,
    "cluster_16": 0.10085882507447491,
    "cluster_4": 0.12653579048581587,
    "cluster_1": 0.011811844120421678,
    "cluster_12": 0.04095650275029239,
    "cluster_15": 0.021198253969867527,
    "cluster_10": 0.011916118039805999,
    "cluster_7": 0.037495456661610686,
    "cluster_2": 0.0024470175078791317,
    "cluster_19": 0.01826579456353429,
    "cluster_17": 0.014716232468384391,
    "cluster_18": 0.00296819729193601,
    "cluster_8": 0.026276870394404822,
    "cluster_3": 0.000800560314571824,
    "cluster_14": 0.002429696114598651,
    "cluster_5": 0.00026385734435828347,
    "cluster_20": 0.0008014688247886343,
    "cluster_13": 0.00025810717242175476
  },
  "hellaswag": {
    "cluster_10": 0.04113538791768621,
    "cluster_11": 0.23252393774217506,
    "cluster_1": 0.044183114785946255,
    "cluster_6": 0.04862868832332847,
    "cluster_4": 0.09706018049883476,
    "cluster_9": 0.04912544537260655,
    "cluster_14": 0.008864666659295776,
    "cluster_19": 0.10790743039217045,
    "cluster_8": 0.08460748368370813,
    "cluster_2": 0.03554848700580019,
    "cluster_15": 0.03516422193267634,
    "cluster_12": 0.11585941815185893,
    "cluster_7": 0.02397816122700568,
    "cluster_3": 0.004690173523548621,
    "cluster_5": 0.01917001055518514,
    "cluster_16": 0.014955357155593802,
    "cluster_20": 0.0019359631051925014,
    "cluster_17": 0.01796176333484706,
    "cluster_18": 0.012889482800164252,
    "cluster_13": 0.0038106258323760576
  },
  "piqa": {
    "cluster_11": 0.2828006606721847,
    "cluster_12": 0.19289961909429407,
    "cluster_9": 0.10611634468889937,
    "cluster_8": 0.08077704384573155,
    "cluster_15": 0.008081349523670978,
    "cluster_7": 0.02613353089059621,
    "cluster_16": 0.0256684743299092,
    "cluster_4": 0.11087917061832811,
    "cluster_10": 0.01582198794813908,
    "cluster_6": 0.053780931855860026,
    "cluster_19": 0.06706511385959178,
    "cluster_18": 0.004074065520961662,
    "cluster_1": 0.013668674555334707,
    "cluster_17": 0.005836323767036337,
    "cluster_14": 0.0027504107195823095,
    "cluster_2": 0.0015143577445319997,
    "cluster_3": 0.00046008827789157264,
    "cluster_5": 0.0010756485101710957,
    "cluster_13": 0.0005092568845219247,
    "cluster_20": 8.694669276320443e-05
  },
  "sciq": {
    "cluster_6": 0.3056721899816823,
    "cluster_11": 0.21081127187166931,
    "cluster_4": 0.1262151102622327,
    "cluster_16": 0.07264175547481524,
    "cluster_10": 0.03334749922259728,
    "cluster_17": 0.029239781033128444,
    "cluster_9": 0.10768013682701284,
    "cluster_7": 0.040989677646234894,
    "cluster_12": 0.025736666060110526,
    "cluster_15": 0.011170571250623007,
    "cluster_19": 0.012512359243112933,
    "cluster_2": 0.0011616317254354413,
    "cluster_20": 0.004908443812604551,
    "cluster_8": 0.010088469557426736,
    "cluster_1": 0.0020599048117519495,
    "cluster_18": 0.0027214845832030537,
    "cluster_14": 0.0013368023862543685,
    "cluster_3": 0.00081101532380912,
    "cluster_13": 0.00030301791023594856,
    "cluster_5": 0.0005922110160593554
  },
  "kodcode": {
    "cluster_11": 0.460631974084381,
    "cluster_5": 0.011131511270356068,
    "cluster_8": 0.10957555565472228,
    "cluster_9": 0.12346579173503375,
    "cluster_3": 0.006372708287329198,
    "cluster_19": 0.09968224726352316,
    "cluster_12": 0.0435913265857581,
    "cluster_15": 0.032510234026946375,
    "cluster_1": 0.04410203485354771,
    "cluster_6": 0.01046618861531713,
    "cluster_16": 0.01011003798255707,
    "cluster_10": 0.00305057375787225,
    "cluster_17": 0.0004172266677527615,
    "cluster_4": 0.022440795007449714,
    "cluster_7": 0.008345365413815227,
    "cluster_2": 0.006382146764267883,
    "cluster_13": 0.00251486332635371,
    "cluster_18": 0.003971970167318942,
    "cluster_20": 0.0006172597069308312,
    "cluster_14": 0.0006201888287666967
  },
  "logiqa": {
    "cluster_6": 0.0658050350149,
    "cluster_4": 0.05631020143652808,
    "cluster_11": 0.16325568904375554,
    "cluster_16": 0.048615687200021115,
    "cluster_19": 0.1471084592900315,
    "cluster_9": 0.04725826786263709,
    "cluster_8": 0.0851582763911119,
    "cluster_1": 0.02180692124488465,
    "cluster_15": 0.03800710909193941,
    "cluster_18": 0.02617140102267116,
    "cluster_10": 0.04289237332350858,
    "cluster_17": 0.02216975693368387,
    "cluster_5": 0.08001827238124656,
    "cluster_20": 0.020760841859823385,
    "cluster_2": 0.07203137133012742,
    "cluster_3": 0.019613930247347568,
    "cluster_12": 0.01674717245785178,
    "cluster_7": 0.015653374232641716,
    "cluster_14": 0.008632020883993306,
    "cluster_13": 0.001983838751295418
  },
  "medqa": {
    "cluster_10": 0.297682108986384,
    "cluster_17": 0.3809487377703305,
    "cluster_6": 0.20517692488819578,
    "cluster_19": 0.03504158353549354,
    "cluster_2": 0.008743789904602017,
    "cluster_15": 0.010215543474414156,
    "cluster_11": 0.030634109857816127,
    "cluster_9": 0.013457015023035613,
    "cluster_4": 0.012469802196089072,
    "cluster_1": 0.0022866230264000508,
    "cluster_5": 0.0004776960413855729,
    "cluster_7": 0.00011292685856044618,
    "cluster_16": 0.000549728563879274,
    "cluster_14": 0.00015072502290021955,
    "cluster_12": 0.0005508232302942255,
    "cluster_8": 0.0005820164576728354,
    "cluster_20": 0.0006128908901679424,
    "cluster_13": 0.000211432741882772,
    "cluster_18": 5.753755004240423e-05,
    "cluster_3": 3.798398045363415e-05
  },
  "mathqa": {
    "cluster_11": 0.35511610623597084,
    "cluster_1": 0.07212387285676433,
    "cluster_9": 0.13985094981425242,
    "cluster_12": 0.11842645329801177,
    "cluster_4": 0.055150051032392775,
    "cluster_5": 0.05004707527028263,
    "cluster_19": 0.03757574714056098,
    "cluster_16": 0.048581347745593084,
    "cluster_6": 0.02030267403951537,
    "cluster_8": 0.07021475721179267,
    "cluster_18": 0.019994103832700137,
    "cluster_17": 0.0010492169468333987,
    "cluster_7": 0.0029947523196895516,
    "cluster_13": 0.0013733480320206163,
    "cluster_10": 0.004537860878326506,
    "cluster_20": 0.0005417417864210534,
    "cluster_3": 0.00031410949666041014,
    "cluster_2": 0.0011422395980106926,
    "cluster_15": 0.00046196029862053886,