{
  "arc_challenge": {
    "cluster_11": 0.2740730973242788,
    "cluster_4": 0.10873536660110536,
    "cluster_16": 0.09804151374726895,
    "cluster_6": 0.18390564580734534,
    "cluster_12": 0.049492515030734145,
    "cluster_9": 0.1241429475663479,
    "cluster_15": 0.01699837410402317,
    "cluster_19": 0.023209339012794532,
    "cluster_7": 0.04724206393666718,
    "cluster_18": 0.002955613263693713,
    "cluster_10": 0.011483256659682336,
    "cluster_1": 0.018412313527019348,
    "cluster_17": 0.015826057534581345,
    "cluster_14": 0.001914791562722912,
    "cluster_8": 0.018090058983060507,
    "cluster_20": 0.001782293710605197,
    "cluster_2": 0.0024592087677179106,
    "cluster_3": 0.00017496307787636346,
    "cluster_13": 0.0007097859692135673,
    "cluster_5": 0.0003507938132612729
  },
  "gsm8k": {
    "cluster_11": 0.26250423614348306,
    "cluster_19": 0.08380417809273831,
    "cluster_4": 0.09885545091556151,
    "cluster_3": 0.0003151059766403058,
    "cluster_1": 0.33987624660142673,
    "cluster_9": 0.02747781520624965,
    "cluster_5": 0.05315708309013432,
    "cluster_7": 0.014489915085951837,
    "cluster_6": 0.018434229772830938,
    "cluster_12": 0.04719398409521877,
    "cluster_15": 0.0036174268964651976,
    "cluster_16": 0.013775717457459383,
    "cluster_13": 0.004126469111867816,
    "cluster_8": 0.015310662721539544,
    "cluster_10": 0.0035421898121429404,
    "cluster_18": 0.0023905924062190536,
    "cluster_14": 0.003933437516069836,
    "cluster_2": 0.005011451447972456,
    "cluster_17": 0.0011584158648128215,
    "cluster_20": 0.0010253917852153143
  },
  "arc_easy": {
    "cluster_17": 0.015265295325721582,
    "cluster_6": 0.20148702756992135,
    "cluster_11": 0.27426476902746405,
    "cluster_10": 0.010419240097140485,
    "cluster_4": 0.10602942721039342,
    "cluster_7": 0.038647452153050384,
    "cluster_16": 0.09155982876609778,
    "cluster_12": 0.04540529929129962,
    "cluster_9": 0.13200305297959578,
    "cluster_19": 0.02584071601074734,
    "cluster_1": 0.013627385001839146,
    "cluster_15": 0.019741875905909617,
    "cluster_8": 0.015746146502570522,
    "cluster_14": 0.002859512526879612,
    "cluster_20": 0.0008018341270850178,
    "cluster_18": 0.002264052118835623,
    "cluster_2": 0.002360033659412105,
    "cluster_3": 0.0010671760314845762,
    "cluster_5": 0.0002640463357571997,
    "cluster_13": 0.0003458293587950144
  },
  "hellaswag": {
    "cluster_11": 0.24249062197588545,
    "cluster_19": 0.12984437780259314,
    "cluster_2": 0.03933897567511795,
    "cluster_15": 0.042908243835679725,
    "cluster_12": 0.12563764747884887,
    "cluster_4": 0.08204070385018793,
    "cluster_6": 0.05800464606206775,
    "cluster_1": 0.058772741235260585,
    "cluster_10": 0.0311362559062059,
    "cluster_9": 0.050857833568434034,
    "cluster_8": 0.0531376951242648,
    "cluster_7": 0.01951872486084731,
    "cluster_14": 0.010794251843723924,
    "cluster_16": 0.010955151553058404,
    "cluster_13": 0.0035651062612617273,
    "cluster_17": 0.014634905112420169,
    "cluster_18": 0.009078826210527847,
    "cluster_3": 0.000898842437124517,
    "cluster_5": 0.014706115635037872,
    "cluster_20": 0.0016783335714520855
  },
  "piqa": {
    "cluster_11": 0.30938229859385424,
    "cluster_4": 0.0972921206671836,
    "cluster_9": 0.10329399710625452,
    "cluster_6": 0.05838931496403767,
    "cluster_12": 0.20150694738537916,
    "cluster_19": 0.08697149382518501,
    "cluster_8": 0.04059653872882011,
    "cluster_16": 0.018216495784668454,
    "cluster_1": 0.022248092180383035,
    "cluster_10": 0.014475078586459245,
    "cluster_17": 0.006371828657781451,
    "cluster_7": 0.02667109494823898,
    "cluster_18": 0.0032500345756346174,
    "cluster_2": 0.0014033074984893545,
    "cluster_14": 0.002725730085669034,
    "cluster_15": 0.005545221857700518,
    "cluster_5": 0.001002981463571385,
    "cluster_13": 0.00044808557962507914,
    "cluster_3": 0.00012229091346106918,
    "cluster_20": 8.704659760358227e-05
  },
  "sciq": {
    "cluster_6": 0.3197457293591639,
    "cluster_4": 0.10847215175096751,
    "cluster_7": 0.04133116208644713,
    "cluster_16": 0.06577241912990052,
    "cluster_11": 0.2229325491427814,
    "cluster_9": 0.10662403778982985,
    "cluster_12": 0.027603127952060744,
    "cluster_19": 0.015874406763600826,
    "cluster_15": 0.009861510173840665,
    "cluster_20": 0.00494491041558442,
    "cluster_18": 0.0020921781877611743,
    "cluster_17": 0.030274753597412368,
    "cluster_10": 0.0316655798452351,
    "cluster_1": 0.002905369818516231,
    "cluster_13": 0.0002682949149803169,
    "cluster_8": 0.005522919145345501,
    "cluster_5": 0.000538621487713437,
    "cluster_3": 0.0010567687036114439,
    "cluster_2": 0.0011382018859497326,
    "cluster_14": 0.0013753078492977362
  },
  "kodcode": {
    "cluster_11": 0.4480837265931028,
    "cluster_12": 0.0679901671329075,
    "cluster_9": 0.1374357213907969,
    "cluster_19": 0.11877021327711941,
    "cluster_8": 0.07471009873174353,
    "cluster_1": 0.03813643049812274,
    "cluster_10": 0.0024336206432581625,
    "cluster_16": 0.010087260470961987,
    "cluster_4": 0.01515496616700433,
    "cluster_2": 0.0075901310470011625,
    "cluster_6": 0.015543442856319197,
    "cluster_15": 0.03291032909597955,
    "cluster_5": 0.011110426866713138,
    "cluster_18": 0.002543602262754186,
    "cluster_7": 0.011240485532698036,
    "cluster_13": 0.0028224132538017793,
    "cluster_17": 0.0003655027347694246,
    "cluster_3": 0.0016512340456663569,
    "cluster_20": 0.0006695417125864172,
    "cluster_14": 0.0007506856866931501
  },
  "logiqa": {
    "cluster_11": 0.1716901584322083,
    "cluster_19": 0.15690229453278967,
    "cluster_8": 0.060685935438293495,
    "cluster_12": 0.018288842388257388,
    "cluster_6": 0.0755699832232999,
    "cluster_4": 0.0509276132025105,
    "cluster_10": 0.04071084406206547,
    "cluster_17": 0.02272001724491527,
    "cluster_9": 0.04699890998132836,
    "cluster_18": 0.02992187434838948,
    "cluster_1": 0.02564229158208689,
    "cluster_5": 0.07977366428799516,
    "cluster_15": 0.0376673655271202,
    "cluster_2": 0.07454221282154072,
    "cluster_7": 0.01578518052605045,
    "cluster_16": 0.04584580954754081,
    "cluster_20": 0.022025141828566165,
    "cluster_3": 0.013071706167129566,
    "cluster_13": 0.002013509094338256,
    "cluster_14": 0.00921664576357371
  },
  "medqa": {
    "cluster_17": 0.3799489594769583,
    "cluster_10": 0.28990280851322164,
    "cluster_6": 0.2156828330130438,
    "cluster_11": 0.029851561168125002,
    "cluster_19": 0.03729054016750637,
    "cluster_15": 0.01064921255560436,
    "cluster_2": 0.00894043995574086,
    "cluster_9": 0.01160915185850298,
    "cluster_4": 0.009901428890881718,
    "cluster_5": 0.0004971610371053564,
    "cluster_13": 0.00021154089327576626,
    "cluster_8": 0.00037211898836058966,
    "cluster_1": 0.0027612897596122326,
    "cluster_20": 0.0007281031328925295,
    "cluster_12": 0.0007284307912194901,
    "cluster_16": 0.0004548757909467652,
    "cluster_14": 0.00033699330055112793,
    "cluster_7": 7.523365443587117e-05,
    "cluster_18": 5.7317052015666094e-05
  },
  "mathqa": {
    "cluster_11": 0.37344614772852924,
    "cluster_5": 0.049389266286348536,
    "cluster_9": 0.13897902733704312,
    "cluster_1": 0.09867892517966043,
    "cluster_4": 0.03985510866660479,
    "cluster_19": 0.06774637544202673,
    "cluster_12": 0.123684987725354,
    "cluster_16": 0.03144738816364344,
    "cluster_8": 0.02954985942617946,
    "cluster_18": 0.0163103002687307,
    "cluster_6": 0.01871102011601884,
    "cluster_10": 0.004355583499188773,
    "cluster_7": 0.0029270174752622368,
    "cluster_20": 0.0005237629015205252,
    "cluster_3": 0.00010170861535599403,
    "cluster_17": 0.0013302619657087219,
    "cluster_2": 0.0008330625988934679,
    "cluster_13": 0.0013801728838737444,
    "cluster_15": 0.0004705539718622827,